"text","favorited","favoriteCount","replyToSN","created","truncated","replyToSID","id","replyToUID","statusSource","screenName","retweetCount","isRetweet","retweeted","longitude","latitude"
"#Flyereats in Mayiladuthurai 

Free Delivery with 50% offer going on now!!!

Order now Download our Android App!!!… https://t.co/zKUnw99DbK",FALSE,0,NA,2019-09-04 13:18:53,TRUE,NA,"1169238401930989570",NA,"<a href=""https://buffer.com"" rel=""nofollow"">Buffer</a>","flyereats",0,FALSE,FALSE,NA,NA
"@Zomato @ZomatoIN In love with the new UI. Have been waiting for this a long time. Great job #zomato <U+2665><U+FE0F> https://t.co/pqedkyaXPy",FALSE,0,"Zomato",2019-09-04 13:15:53,FALSE,NA,"1169237649145511936","23283603","<a href=""http://twitter.com/download/android"" rel=""nofollow"">Twitter for Android</a>","ahabrahmasmi",0,FALSE,FALSE,NA,NA
"How not to handle negative reviews... 
. 
Kudos To #zomato <U+0001F602> <U+0001F602>
Cc @zomatocare @deepigoyal @ZomatoIN https://t.co/mFI5Gb0nZf",FALSE,0,NA,2019-09-04 13:11:10,FALSE,NA,"1169236462677528577",NA,"<a href=""http://twitter.com/download/android"" rel=""nofollow"">Twitter for Android</a>","RoyalDMall",0,FALSE,FALSE,NA,NA
"@ZomatoGold Hi, I have sent my query via DM. Please check and respond to my issue. #Zomato #ZomatoGold",FALSE,0,"ZomatoGold",2019-09-04 13:09:01,FALSE,NA,"1169235919850766337","1009685802257809408","<a href=""http://twitter.com/download/iphone"" rel=""nofollow"">Twitter for iPhone</a>","PayalDedhia",0,FALSE,FALSE,NA,NA
"#zomato
i ordered some food near to my location which is 25mnt far from my house my ordering time was 4:58 and its… https://t.co/nNDX9IXrvt",FALSE,0,NA,2019-09-04 12:58:38,TRUE,NA,"1169233306799312898",NA,"<a href=""http://twitter.com/download/android"" rel=""nofollow"">Twitter for Android</a>","Aditya50399762",0,FALSE,FALSE,NA,NA
"Masala Bindi ya phir Dum Aloo kya choose karege aap? 

Order delicious meal on #Mukka from #Swiggy,#Zomato &amp;… https://t.co/1LWIEGfiv2",FALSE,0,NA,2019-09-04 12:48:24,TRUE,NA,"1169230733086343168",NA,"<a href=""http://twitter.com/download/android"" rel=""nofollow"">Twitter for Android</a>","MukkaByShemaroo",0,FALSE,FALSE,NA,NA
"Visit us for luxury food &amp; great service !!
Like &amp; follow us on all SOCIAL platform for upcoming event &amp; promo.

Ca… https://t.co/e3ue3na2Nn",FALSE,0,NA,2019-09-04 12:33:53,TRUE,NA,"1169227077507112961",NA,"<a href=""http://twitter.com/download/android"" rel=""nofollow"">Twitter for Android</a>","rangmahalrestro",0,FALSE,FALSE,NA,NA
"We invite all the vegans to taste our delicious Vegetable Biryani at Subbayya Gari Hotel - Ameerpet
Order online on… https://t.co/2N5kU7dAzx",FALSE,0,NA,2019-09-04 12:31:19,TRUE,NA,"1169226434285592577",NA,"<a href=""https://buffer.com"" rel=""nofollow"">Buffer</a>","subbayyahotelAM",0,FALSE,FALSE,NA,NA
"@zomatocare Any feedback.. Past 18hrs..??? #Zomato #fooddelivery #India #Kerala",FALSE,0,"zomatocare",2019-09-04 12:22:29,FALSE,"1168949375407722496","1169224209320431616","988362975617601536","<a href=""https://mobile.twitter.com"" rel=""nofollow"">Twitter Web App</a>","jinoytommanjaly",0,FALSE,FALSE,NA,NA
"RT @arebhaibhai1: If your no. Is not reachable then they cancel your order and also didn't refund <U+0001F637>so my suggestion too u give atleast 2 ya…",FALSE,0,NA,2019-09-04 11:57:16,FALSE,NA,"1169217865427193856",NA,"<a href=""https://mobile.twitter.com"" rel=""nofollow"">Twitter Web App</a>","arebhaibhai1",1,TRUE,FALSE,NA,NA
"If your no. Is not reachable then they cancel your order and also didn't refund <U+0001F637>so my suggestion too u give atleas… https://t.co/WR0eXcTgVu",FALSE,1,NA,2019-09-04 11:56:05,TRUE,NA,"1169217564401995776",NA,"<a href=""https://mobile.twitter.com"" rel=""nofollow"">Twitter Web App</a>","arebhaibhai1",1,FALSE,FALSE,NA,NA
"RT @PranavHebbar: Definitely an interesting development in #laborrelations wrt market places such as #uber #Zomato . Isn't it time to rethi…",FALSE,0,NA,2019-09-04 11:54:58,FALSE,NA,"1169217284226764801",NA,"<a href=""http://www.example.com"" rel=""nofollow"">BotAnalytic</a>","StartupsBot",1,TRUE,FALSE,NA,NA
"Definitely an interesting development in #laborrelations wrt market places such as #uber #Zomato . Isn't it time to… https://t.co/Vn4lN4AZY5",FALSE,1,NA,2019-09-04 11:54:45,TRUE,NA,"1169217229251985409",NA,"<a href=""https://mobile.twitter.com"" rel=""nofollow"">Twitter Web App</a>","PranavHebbar",1,FALSE,FALSE,NA,NA
"Missing items in the order, Complaint filed against Zomato
#Zomato
https://t.co/aKbicA4DZQ",FALSE,0,NA,2019-09-04 11:51:25,FALSE,NA,"1169216393633513473",NA,"<a href=""https://mobile.twitter.com"" rel=""nofollow"">Twitter Web App</a>","voxya_",0,FALSE,FALSE,NA,NA
"Aloo Chat

Order Now On Zomato - https://t.co/DDKngzDhxx
Call Now : +918238128282

#neopolitanpizza #neopolitan… https://t.co/k4VBPJcFkP",FALSE,0,NA,2019-09-04 11:41:20,TRUE,NA,"1169213854997348352",NA,"<a href=""https://mobile.twitter.com"" rel=""nofollow"">Twitter Web App</a>","neopolitananand",0,FALSE,FALSE,NA,NA
"Packaging and spillage issue cold food, Complaint filed against Zomato
#Zomato
https://t.co/rn0d4WLpfY",FALSE,0,NA,2019-09-04 11:34:50,FALSE,NA,"1169212219894259713",NA,"<a href=""https://mobile.twitter.com"" rel=""nofollow"">Twitter Web App</a>","voxya_",0,FALSE,FALSE,NA,NA
"Get ready for the weekend thrills with Friday Bar Nights featuring DJ Alfa spreading good vibes, only at Light Hous… https://t.co/CMBS18jbav",FALSE,0,NA,2019-09-04 11:30:50,TRUE,NA,"1169211212350943232",NA,"<a href=""http://twitter.com/download/android"" rel=""nofollow"">Twitter for Android</a>","lhcmumbai",0,FALSE,FALSE,NA,NA
"RT @FineRosewater: Cool down your day with a delicious glass<U+0001F964> of freshly squeezed pineapple.<U+0001F34D>

<U+0001F4F1>For more details please contact : 
90030 00…",FALSE,0,NA,2019-09-04 11:10:28,FALSE,NA,"1169206085615570946",NA,"<a href=""https://apps.twitter.com/"" rel=""nofollow"">hello world8912</a>","SMSsupply",1,TRUE,FALSE,NA,NA
"@ZomatoIN This is @AksharPathak  again, for sure! <U+0001F602>
#zomato",FALSE,0,"ZomatoIN",2019-09-04 11:08:49,FALSE,"1169193423527694336","1169205671742435334","3282245130","<a href=""https://mobile.twitter.com"" rel=""nofollow"">Twitter Web App</a>","aakujur95",0,FALSE,FALSE,NA,NA
"#ViralVideo: Video of a #Zomato delivery boy delivering food in #Mumbai amidst heavy rains has went #Viral. Netizen… https://t.co/Z4bY0JXUyS",FALSE,3,NA,2019-09-04 10:55:51,TRUE,NA,"1169202409933103104",NA,"<a href=""https://buffer.com"" rel=""nofollow"">Buffer</a>","the_newsdeck",0,FALSE,FALSE,NA,NA
"Cool down your day with a delicious glass<U+0001F964> of freshly squeezed pineapple.<U+0001F34D>

<U+0001F4F1>For more details please contact : 
900… https://t.co/CewvQrgt9G",FALSE,1,NA,2019-09-04 10:51:58,TRUE,NA,"1169201431665987586",NA,"<a href=""https://mobile.twitter.com"" rel=""nofollow"">Twitter Web App</a>","FineRosewater",1,FALSE,FALSE,NA,NA
"RT @BhushanDiwate: #zomato customer care number  9330254150 //6291452012 all problems solve 24 hours open  and any type of problems https:/…",FALSE,0,NA,2019-09-04 10:39:49,FALSE,NA,"1169198373527642112",NA,"<a href=""http://twitter.com/download/android"" rel=""nofollow"">Twitter for Android</a>","jamirkh91106927",6,TRUE,FALSE,NA,NA
"@zomatocare @ZomatoIN Today i am very happy of the service of #zomato bcz of delivery boy are doing job very honest… https://t.co/vzQA3lHmoc",FALSE,1,"zomatocare",2019-09-04 10:37:09,TRUE,NA,"1169197701797314560","988362975617601536","<a href=""http://twitter.com/download/iphone"" rel=""nofollow"">Twitter for iPhone</a>","gupta_vivek1",0,FALSE,FALSE,NA,NA
"Hi @Zomato @ZomatoIN There is huge difference is actual restaurant menu price and #Zomato Menu price. Pics attached. https://t.co/h972gbxSaA",FALSE,1,NA,2019-09-04 10:33:29,FALSE,NA,"1169196779562139648",NA,"<a href=""http://twitter.com/download/android"" rel=""nofollow"">Twitter for Android</a>","nayanp21",0,FALSE,FALSE,NA,NA
"RT @BhushanDiwate: #zomato customer care number  9330254150 //6291452012 all problems solve 24 hours open  and any type of problems https:/…",FALSE,0,NA,2019-09-04 10:26:33,FALSE,NA,"1169195035067158528",NA,"<a href=""https://mobile.twitter.com"" rel=""nofollow"">Twitter Web App</a>","RuparKumar",6,TRUE,FALSE,NA,NA
"@ZomatoIN <U+0906><U+092A><U+0915><U+0940> <U+092A><U+0949><U+0932><U+093F><U+0938><U+093F><U+092F><U+094B><U+0902> <U+0928><U+0947> <U+0939><U+092E><U+093E><U+0930><U+0947> <U+0917><U+0932><U+0947> <U+0918><U+094B><U+091F> <U+0926><U+093F><U+090F>
<U+0938><U+094D><U+0928><U+0940><U+0915><U+092A><U+0940><U+0915> <U+0915><U+0947> <U+0928><U+093E><U+092E> <U+0938><U+0947> <U+092D><U+093E><U+0930><U+0940> <U+092D><U+0930><U+0915><U+092E> <U+092A><U+0948><U+0938><U+093E> <U+0932><U+0947><U+0928><U+0947> <U+0915><U+0947> <U+092C><U+093E><U+0926> <U+0906><U+092A><U+0915><U+0940> <U+091F><U+0940><U+092E> <U+0936><U+0942><U+091F> <U+0915><U+0940> <U+0921><U+0947><U+091F> <U+092B><U+093E><U+0907>… https://t.co/z56gFdh03D",FALSE,0,"ZomatoIN",2019-09-04 10:15:40,TRUE,"1168775594152087553","1169192294190182401","3282245130","<a href=""http://twitter.com/download/android"" rel=""nofollow"">Twitter for Android</a>","SWAPNIL6699",0,FALSE,FALSE,NA,NA
"@demlikistmarina ‘da herkese göre kahvalti seçecegi var <U+0001F373> 

#demlik #breakfast #istmarina #kahvalti #serpmekahvalti… https://t.co/pE9iZ1Y3Pz",FALSE,1,"demlikistmarina",2019-09-04 10:12:58,TRUE,NA,"1169191617053495296","1149370564475269120","<a href=""http://twitter.com/download/iphone"" rel=""nofollow"">Twitter for iPhone</a>","demlikistmarina",0,FALSE,FALSE,NA,NA
"RT @RakeshK96186882: #zomato 9330513646/////help line no Zomato order place helpline number 93305 13 646//// https://t.co/2AqM5Kazcf",FALSE,0,NA,2019-09-04 10:07:52,FALSE,NA,"1169190333260787712",NA,"<a href=""http://twitter.com/download/iphone"" rel=""nofollow"">Twitter for iPhone</a>","AamrisR",8,TRUE,FALSE,NA,NA
"Doorstep delivery, right from the kitchen here at @CafeSiciliano. Now delivering on Swiggy and Zomato. Order away!… https://t.co/Yu0IJZWbf9",FALSE,0,NA,2019-09-04 10:00:50,TRUE,NA,"1169188563700744195",NA,"<a href=""http://twitter.com/download/android"" rel=""nofollow"">Twitter for Android</a>","CafeSiciliano",0,FALSE,FALSE,NA,NA
"Stuck because of #MumbaiRains or struck by #MidWeekBlues? 
Well, fret not, we have a solution for both! 

Now, enjo… https://t.co/msfT40ISR6",FALSE,0,NA,2019-09-04 09:57:02,TRUE,NA,"1169187605600071680",NA,"<a href=""http://twitter.com/download/android"" rel=""nofollow"">Twitter for Android</a>","Jfff15977228",0,FALSE,FALSE,NA,NA
"@SwiggyCares I would request you to find alternate to this rising problem with service else, it’s very easy to swit… https://t.co/Wt8orWOH1J",FALSE,0,"SwiggyCares",2019-09-04 09:49:35,TRUE,NA,"1169185730452578305","3286336254","<a href=""http://twitter.com/download/iphone"" rel=""nofollow"">Twitter for iPhone</a>","garimaisright",0,FALSE,FALSE,NA,NA
"RT @BhushanDiwate: #zomato customer care number  9330254150 //6291452012 all problems solve 24 hours open  and any type of problems https:/…",FALSE,0,NA,2019-09-04 09:38:18,FALSE,NA,"1169182892653563904",NA,"<a href=""https://mobile.twitter.com"" rel=""nofollow"">Twitter Web App</a>","Vijav6",6,TRUE,FALSE,NA,NA
"Stuck because of #MumbaiRains or struck by #MidWeekBlues? 
Well, fret not, we have a solution for both! 

Now, enjo… https://t.co/MQtikKN1iV",FALSE,0,NA,2019-09-04 09:37:31,TRUE,NA,"1169182694045093889",NA,"<a href=""http://twitter.com/download/android"" rel=""nofollow"">Twitter for Android</a>","SamBarKhar",0,FALSE,FALSE,NA,NA
"@AnshRavindra @ZomatoIN This is pretty unfair. I might even not resubscribe to @ZomatoGold 

#Zomato #ZomatoExposed #zomatogold #zomatoindia",FALSE,0,"AnshRavindra",2019-09-04 09:31:05,FALSE,"1169179259488702466","1169181074498322432","1121426041442975746","<a href=""http://twitter.com/download/android"" rel=""nofollow"">Twitter for Android</a>","tanujafc",0,FALSE,FALSE,NA,NA
"What is this supposed to be!? A joke on your delivery partners!! Terrible,speaking in the tone of a dictator!… https://t.co/TUgeshbTQu",FALSE,0,NA,2019-09-04 09:29:19,TRUE,NA,"1169180630849970177",NA,"<a href=""https://mobile.twitter.com"" rel=""nofollow"">Twitter Web App</a>","adityanarayanh8",0,FALSE,FALSE,NA,NA
"RT @BhushanDiwate: #zomato customer care number  9330254150 //6291452012 all problems solve 24 hours open  and any type of problems https:/…",FALSE,0,NA,2019-09-04 09:03:44,FALSE,NA,"1169174193855877120",NA,"<a href=""http://twitter.com/download/android"" rel=""nofollow"">Twitter for Android</a>","BhushanDiwate",6,TRUE,FALSE,NA,NA
"RT @BhushanDiwate: #zomato customer care number  9330254150 //6291452012 all problems solve 24 hours open  and any type of problems https:/…",FALSE,0,NA,2019-09-04 09:02:36,FALSE,NA,"1169173906613080065",NA,"<a href=""http://twitter.com/download/android"" rel=""nofollow"">Twitter for Android</a>","SalmanK79209545",6,TRUE,FALSE,NA,NA
"#zomato customer care number  9330254150 //6291452012 all problems solve 24 hours open  and any type of problems https://t.co/uMbsFg3M4Q",FALSE,6,NA,2019-09-04 09:01:53,FALSE,NA,"1169173726245441536",NA,"<a href=""http://twitter.com/download/android"" rel=""nofollow"">Twitter for Android</a>","BhushanDiwate",6,FALSE,FALSE,NA,NA
"RT @prashant_baluni: <U+0905><U+092C> <U+0938><U+0947> <U+091C><U+0939><U+093E><U+0902> <U+0915><U+0939><U+0940><U+0902> <U+092D><U+0940> <U+091C><U+094B><U+092E><U+093E><U+091F><U+094B> <U+0935><U+093E><U+0932><U+0940> <U+092C><U+093E><U+0907><U+0915> <U+0926><U+0947><U+0916><U+0947><U+0902>, <U+092B><U+093C><U+094B><U+091F><U+094B> <U+0916><U+0940><U+0902><U+091A> <U+0915><U+0947> <U+092A><U+0941><U+0932><U+093F><U+0938> <U+0915><U+094B> <U+091F><U+0948><U+0917> <U+0915><U+0930><U+0915><U+0947> <U+0938><U+0935><U+093E><U+0932> <U+092A><U+0942><U+091B><U+0947><U+0902> <U+0915><U+093F>
<U+092A><U+094D><U+0930><U+093E><U+0907><U+0935><U+0947><U+091F> <U+0935><U+093E><U+0939><U+0928> <U+0915><U+093E> <U+0915><U+092E><U+0930><U+094D><U+0936><U+093F><U+092F><U+0932> <U+0909><U+092A>…",FALSE,0,NA,2019-09-04 08:46:43,FALSE,NA,"1169169911777812480",NA,"<a href=""http://twitter.com/download/android"" rel=""nofollow"">Twitter for Android</a>","rajeevvindhya",2,TRUE,FALSE,NA,NA
"RT @Yugansh_Mishra: Let's show some kindness. Pls help this guy whenever you see him in Indore around you on his old bicycle pushing hard t…",FALSE,0,NA,2019-09-04 08:43:56,FALSE,NA,"1169169211421126658",NA,"<a href=""http://twitter.com/download/android"" rel=""nofollow"">Twitter for Android</a>","IshaMis71469362",1,TRUE,FALSE,NA,NA
"#zomato https://t.co/LkXw8QS5er",FALSE,0,NA,2019-09-04 08:19:09,FALSE,NA,"1169162972767277057",NA,"<a href=""http://twitter.com/download/android"" rel=""nofollow"">Twitter for Android</a>","mullanikadu",0,FALSE,FALSE,NA,NA
"#ZomatoExposed #Zomato 
#GST 
Guyes pls dnt be in any illusion that zomato is not taking delivery charges. Fraud on… https://t.co/HZspfCH6lk",FALSE,0,NA,2019-09-04 08:16:53,TRUE,NA,"1169162404216750081",NA,"<a href=""https://mobile.twitter.com"" rel=""nofollow"">Twitter Web App</a>","InduMtr",0,FALSE,FALSE,NA,NA
"@SwiggyCares Even after DM, there is no response from your side.. Thus #AbandonSwiggy till my issue gets resolved.… https://t.co/NldwiavQmC",FALSE,0,"SwiggyCares",2019-09-04 08:12:54,TRUE,"1169063026168741888","1169161401954226176","3286336254","<a href=""http://twitter.com/download/android"" rel=""nofollow"">Twitter for Android</a>","sagartapadiya",0,FALSE,FALSE,NA,NA
"Even after a promis on call by zomato executive (Rinku) i haven't received the refund for my undelivered order. Sti… https://t.co/idIk0LylZ1",FALSE,0,NA,2019-09-04 08:09:09,TRUE,NA,"1169160456470089728",NA,"<a href=""https://mobile.twitter.com"" rel=""nofollow"">Twitter Web App</a>","ManikBatra95",0,FALSE,FALSE,NA,NA
"Just another version of my business is my business none of your business <U+0001F632><U+0001F602><U+0001F602> @Zomato #Zomato https://t.co/fUxNSlSSpd",FALSE,2,NA,2019-09-04 08:04:09,FALSE,NA,"1169159196694085632",NA,"<a href=""http://twitter.com/download/android"" rel=""nofollow"">Twitter for Android</a>","itsRishabhRaj",0,FALSE,FALSE,NA,NA
"Platter Dinner is the Combos of Honey Chilly Potato+ Momos(2 Pcs)+Veg Noodles+ Hot Garlic Sauce… https://t.co/WsGrTyYH9d",FALSE,0,NA,2019-09-04 07:58:46,TRUE,NA,"1169157844572069888",NA,"<a href=""https://mobile.twitter.com"" rel=""nofollow"">Twitter Web App</a>","HouseOfChina1",0,FALSE,FALSE,NA,NA
"just keep us delivering less quantity of food for what we have paid for charging heay delivery charges and suck us.… https://t.co/sVVSHvItXu",FALSE,0,"poetcardwala",2019-09-04 07:46:32,TRUE,"1169154431180517378","1169154766049546241","144604228","<a href=""http://twitter.com/download/android"" rel=""nofollow"">Twitter for Android</a>","poetcardwala",0,FALSE,FALSE,NA,NA
"Samosa Man and Tedi Medi Jalebi Bai!!!
.
.
#chaatimes
#khattimeethichaatimes #samosa #samosa #jalebi #jalebis… https://t.co/yOe7IUuuKH",FALSE,0,NA,2019-09-04 07:45:35,TRUE,NA,"1169154526739386372",NA,"<a href=""http://twitter.com/download/iphone"" rel=""nofollow"">Twitter for iPhone</a>","Chaatimes",0,FALSE,FALSE,NA,NA
"RT @SamanthaPrabuFC: #OhBaby on #Zomato @Samanthaprabhu2 <U+0001F60B> https://t.co/8PCx2aA211",FALSE,0,NA,2019-09-04 07:42:43,FALSE,NA,"1169153803557527552",NA,"<a href=""http://twitter.com/download/android"" rel=""nofollow"">Twitter for Android</a>","Srikant22786907",8,TRUE,FALSE,NA,NA
"@ZomatoIN Is it you, @AksharPathak? <U+0001F602>
It's definitely you <U+0001F923><U+0001F923><U+0001F37B>
#Zomato",FALSE,0,"ZomatoIN",2019-09-04 07:41:19,FALSE,"1168775594152087553","1169153451089117185","3282245130","<a href=""http://twitter.com/download/android"" rel=""nofollow"">Twitter for Android</a>","aakujur95",0,FALSE,FALSE,NA,NA
"#Zomato 
I have made an order in zomato with order No:1910701864, Restaurant is stating that they need 2 hours of t… https://t.co/QFd9PTO3QN",FALSE,0,NA,2019-09-04 07:08:03,TRUE,NA,"1169145078717255682",NA,"<a href=""http://twitter.com/download/android"" rel=""nofollow"">Twitter for Android</a>","IrfanPawan",0,FALSE,FALSE,NA,NA
"RT @Iamvikascsingh: its very critical situation for billions doller of company @ZomatoIN @zomatocare. but customer respect is also importan…",FALSE,0,NA,2019-09-04 07:05:36,FALSE,NA,"1169144464809627649",NA,"<a href=""http://twitter.com/download/android"" rel=""nofollow"">Twitter for Android</a>","iamsurajgirii",2,TRUE,FALSE,NA,NA
"Zomato delivery guys give share in customer food to traffic cops to avoid fine
#Zomato #ZomatoBoycott https://t.co/fjG7dIPoxY",FALSE,4,NA,2019-09-04 07:03:53,FALSE,NA,"1169144032825663489",NA,"<a href=""http://twitter.com/download/android"" rel=""nofollow"">Twitter for Android</a>","shrutiKaul7",0,FALSE,FALSE,NA,NA
"#Zomato: Really.....no courtesy even to respond to a query, no wonder why people are saying #ZomatoBoycott",FALSE,0,"zawarg",2019-09-04 06:58:06,FALSE,"1168511169256218625","1169142574998794240","575995219","<a href=""http://twitter.com/download/iphone"" rel=""nofollow"">Twitter for iPhone</a>","zawarg",0,FALSE,FALSE,NA,NA
"Today's inspirational quote by @deepigoyal from @Zomato

#inspirationalquotes #quoteoftheday #wednesdaywisdom… https://t.co/teNizwk4Vt",FALSE,1,NA,2019-09-04 06:51:52,TRUE,NA,"1169141005687435269",NA,"<a href=""http://twitter.com/download/android"" rel=""nofollow"">Twitter for Android</a>","IshaanPrem",0,FALSE,FALSE,NA,NA
"<U+0906><U+092A><U+0915><U+0940> <U+092A><U+0949><U+0932><U+093F><U+0938><U+093F><U+092F><U+094B><U+0902> <U+0928><U+0947> <U+0939><U+092E><U+093E><U+0930><U+0947> <U+0917><U+0932><U+0947> <U+0918><U+094B><U+091F> <U+0926><U+093F><U+090F>
<U+0938><U+094D><U+0928><U+0940><U+0915><U+092A><U+0940><U+0915> <U+0915><U+0947> <U+0928><U+093E><U+092E> <U+0938><U+0947> <U+092D><U+093E><U+0930><U+0940> <U+092D><U+0930><U+0915><U+092E> <U+092A><U+0948><U+0938><U+093E> <U+0932><U+0947><U+0928><U+0947> <U+0915><U+0947> <U+092C><U+093E><U+0926> <U+0906><U+092A><U+0915><U+0940> <U+091F><U+0940><U+092E> <U+0936><U+0942><U+091F> <U+0915><U+0940> <U+0921><U+0947><U+091F> <U+092B><U+093E><U+0907><U+0928><U+0932> <U+0915><U+0930><U+0924><U+0940> <U+0939><U+0948>… https://t.co/bN5YUwWmeQ",FALSE,0,NA,2019-09-04 06:46:41,TRUE,NA,"1169139703850950657",NA,"<a href=""http://twitter.com/download/android"" rel=""nofollow"">Twitter for Android</a>","SWAPNIL6699",0,FALSE,FALSE,NA,NA
"Hey, Join Zomato Gold and Get 1+1 on food or 2+2 on drinks, Get 20% off by using my Ref Code : BILL88598… https://t.co/xghW5J2bZ9",FALSE,1,NA,2019-09-04 06:41:47,TRUE,NA,"1169138470373285890",NA,"<a href=""https://mobile.twitter.com"" rel=""nofollow"">Twitter Web App</a>","Billy_Teddy7",0,FALSE,FALSE,NA,NA
"RT @chaiwaalabhakt: Abdul Salam has delivered my order and i didn't cancelled it coz I'm a democratic Hindu Indian and I never differentiat…",FALSE,0,NA,2019-09-04 06:25:43,FALSE,NA,"1169134426103660545",NA,"<a href=""https://mobile.twitter.com"" rel=""nofollow"">Twitter Web App</a>","KNIGHT_dark_the",25,TRUE,FALSE,NA,NA
"In the name of Hinduism, people are boycotting tea, food, fashion, detergent and all logic | My graphic in… https://t.co/7rHZqWkkW2",FALSE,3,NA,2019-09-04 06:04:34,TRUE,NA,"1169129104228212736",NA,"<a href=""https://mobile.twitter.com"" rel=""nofollow"">Twitter Web App</a>","AriMukherjee",0,FALSE,FALSE,NA,NA
"@ZomatoIN Idk but could you please explain why 2 samosa costs me this much? #Zomato https://t.co/zAJmdLGgZY",FALSE,0,"ZomatoIN",2019-09-04 05:44:29,FALSE,NA,"1169124049462681601","3282245130","<a href=""https://mobile.twitter.com"" rel=""nofollow"">Twitter Web App</a>","AmanPayal3",0,FALSE,FALSE,NA,NA
"@ZomatoIN <U+0938><U+091A><U+092E><U+0941><U+091A> #Zomato <U+0915><U+093E> <U+0921><U+093F><U+0932><U+0940><U+0935><U+0930><U+0940> <U+092C><U+0949><U+092F> <U+0905><U+091A><U+094D><U+091B><U+093E> <U+0906><U+0926><U+092E><U+0940> <U+0925><U+093E>, <U+0916><U+093E><U+0928><U+093E> <U+092A><U+0939><U+0941><U+091A><U+0924><U+0947> <U+0938><U+092E><U+092F> <U+092C><U+094B><U+0932> <U+0915><U+0930> <U+0917><U+092F><U+093E> <U+0915><U+093F> <U+0907><U+0938><U+092E><U+0947><U+0902> <U+0925><U+094B><U+0921><U+093C><U+093E> <U+0928><U+092E><U+0915> <U+0915><U+092E> <U+0939><U+0948>, <U+0926><U+0947><U+0916> <U+0932><U+0947><U+0928><U+093E>",FALSE,0,"ZomatoIN",2019-09-04 05:27:28,FALSE,"1168775594152087553","1169119767438999555","3282245130","<a href=""http://twitter.com/download/android"" rel=""nofollow"">Twitter for Android</a>","GovindGuru88",0,FALSE,FALSE,NA,NA
"India's home-grown #restaurants search and delivery platform #Zomato took to Twitter to share a #joke that seems to… https://t.co/NJvFgJTqSp",FALSE,1,NA,2019-09-04 05:20:43,TRUE,NA,"1169118070234910720",NA,"<a href=""https://mobile.twitter.com"" rel=""nofollow"">Twitter Web App</a>","BengalNewzBiz",0,FALSE,FALSE,NA,NA
"RT @KhatariAtul: #Zomato  #Zomato customer care helpline number 8777291439/7679671399 all order inquiry money refound problam contact me si…",FALSE,0,NA,2019-09-04 05:16:18,FALSE,NA,"1169116958823976962",NA,"<a href=""https://mobile.twitter.com"" rel=""nofollow"">Twitter Web App</a>","Rahul01324221",4,TRUE,FALSE,NA,NA
"@milindkhandekar #jobs are there in #swiggy #Zomato #Amazon courier boy cool bro",FALSE,0,"milindkhandekar",2019-09-04 05:11:17,FALSE,"1169083095628341250","1169115695914897408","43128194","<a href=""http://twitter.com/download/iphone"" rel=""nofollow"">Twitter for iPhone</a>","vaid_abhay",0,FALSE,FALSE,NA,NA
"@zomatocare #Zomato I am not well after eating food which was delivered to me. The food was smelling as if it is old and it was not fresh",FALSE,0,"zomatocare",2019-09-04 05:08:38,FALSE,"1169024694210695172","1169115029263855616","988362975617601536","<a href=""http://twitter.com/download/iphone"" rel=""nofollow"">Twitter for iPhone</a>","vrittant",0,FALSE,FALSE,NA,NA
"@ZomatoIN Better than becoming a #zomato executive, who only collects complaints and wont do anything about it. My… https://t.co/dOsKIIDonH",FALSE,1,"ZomatoIN",2019-09-04 05:00:20,TRUE,"1168775594152087553","1169112941037346816","3282245130","<a href=""http://twitter.com/download/android"" rel=""nofollow"">Twitter for Android</a>","Harkunwar",0,FALSE,FALSE,NA,NA
"@ZomatoIN That guy is still a better man than @deepigoyal who is a digital commision hoarder. #getwellsoon #zomato #sick #jokes",FALSE,1,"ZomatoIN",2019-09-04 04:58:26,FALSE,"1168775594152087553","1169112462622375936","3282245130","<a href=""http://twitter.com/download/android"" rel=""nofollow"">Twitter for Android</a>","Harkunwar",0,FALSE,FALSE,NA,NA
"@ZomatoIN My gold membership still exist but I can’t avail it for obvious reasons. 
Do you intent to return this fa… https://t.co/T7B16xqsDh",FALSE,0,"ZomatoIN",2019-09-04 04:50:56,TRUE,NA,"1169110572962500608","3282245130","<a href=""http://twitter.com/download/iphone"" rel=""nofollow"">Twitter for iPhone</a>","divyarawat76",0,FALSE,FALSE,NA,NA
"@lakshmianand96 @PChidambaram_IN #Zomato  never deliver food to #TiharJail . His request is genuine ;-)",FALSE,0,"lakshmianand96",2019-09-04 04:48:22,FALSE,"1168949847828901890","1169109928398610432","3098228941","<a href=""https://about.twitter.com/products/tweetdeck"" rel=""nofollow"">TweetDeck</a>","anand_r_ngl",0,FALSE,FALSE,NA,NA
"RT @prashant_baluni: <U+0905><U+092C> <U+0938><U+0947> <U+091C><U+0939><U+093E><U+0902> <U+0915><U+0939><U+0940><U+0902> <U+092D><U+0940> <U+091C><U+094B><U+092E><U+093E><U+091F><U+094B> <U+0935><U+093E><U+0932><U+0940> <U+092C><U+093E><U+0907><U+0915> <U+0926><U+0947><U+0916><U+0947><U+0902>, <U+092B><U+093C><U+094B><U+091F><U+094B> <U+0916><U+0940><U+0902><U+091A> <U+0915><U+0947> <U+092A><U+0941><U+0932><U+093F><U+0938> <U+0915><U+094B> <U+091F><U+0948><U+0917> <U+0915><U+0930><U+0915><U+0947> <U+0938><U+0935><U+093E><U+0932> <U+092A><U+0942><U+091B><U+0947><U+0902> <U+0915><U+093F>
<U+092A><U+094D><U+0930><U+093E><U+0907><U+0935><U+0947><U+091F> <U+0935><U+093E><U+0939><U+0928> <U+0915><U+093E> <U+0915><U+092E><U+0930><U+094D><U+0936><U+093F><U+092F><U+0932> <U+0909><U+092A>…",FALSE,0,NA,2019-09-04 04:38:32,FALSE,NA,"1169107452928749569",NA,"<a href=""http://twitter.com/download/iphone"" rel=""nofollow"">Twitter for iPhone</a>","technodeep",2,TRUE,FALSE,NA,NA
"If the bursting #Contra #Game feeds your mind, you need a spicy explosion for your tummy too… get the explosion of… https://t.co/4lyhPixGkC",FALSE,0,NA,2019-09-04 04:30:16,TRUE,NA,"1169105370972917760",NA,"<a href=""https://www.hootsuite.com"" rel=""nofollow"">Hootsuite Inc.</a>","TIANGRUB",0,FALSE,FALSE,NA,NA
"#Zomato Hiring #Freshers For Software Engineer, iOS/Android Developer https://t.co/mC1ubfaEOV #freshersjob",FALSE,0,NA,2019-09-04 04:14:01,FALSE,NA,"1169101285083242501",NA,"<a href=""https://www.google.com/"" rel=""nofollow"">Google</a>","ApuzzIndia",0,FALSE,FALSE,NA,NA
"RT @abhiayekhuda: This is Pathetic #Zomato 
Ordered Not Received Yet No Help From Chat Support , No Refund Option, U People Do Mistake And…",FALSE,0,NA,2019-09-04 03:56:50,FALSE,NA,"1169096957761085441",NA,"<a href=""http://twitter.com/download/android"" rel=""nofollow"">Twitter for Android</a>","TheHelplingHand",3,TRUE,FALSE,NA,NA
"Home-grown restaurant search and delivery platform #Zomato took to Twitter to share a joke that seems to have reson… https://t.co/arpwvu1RqX",FALSE,0,NA,2019-09-04 03:06:46,TRUE,NA,"1169084357757169664",NA,"<a href=""https://mobile.twitter.com"" rel=""nofollow"">Twitter Web App</a>","OmmcomNews",0,FALSE,FALSE,NA,NA
"<U+0905><U+092C> <U+0938><U+0947> <U+091C><U+0939><U+093E><U+0902> <U+0915><U+0939><U+0940><U+0902> <U+092D><U+0940> <U+091C><U+094B><U+092E><U+093E><U+091F><U+094B> <U+0935><U+093E><U+0932><U+0940> <U+092C><U+093E><U+0907><U+0915> <U+0926><U+0947><U+0916><U+0947><U+0902>, <U+092B><U+093C><U+094B><U+091F><U+094B> <U+0916><U+0940><U+0902><U+091A> <U+0915><U+0947> <U+092A><U+0941><U+0932><U+093F><U+0938> <U+0915><U+094B> <U+091F><U+0948><U+0917> <U+0915><U+0930><U+0915><U+0947> <U+0938><U+0935><U+093E><U+0932> <U+092A><U+0942><U+091B><U+0947><U+0902> <U+0915><U+093F>
<U+092A><U+094D><U+0930><U+093E><U+0907><U+0935><U+0947><U+091F> <U+0935><U+093E><U+0939><U+0928> <U+0915><U+093E> <U+0915><U+092E><U+0930><U+094D><U+0936><U+093F><U+092F><U+0932>… https://t.co/xcQ1JOu31D",FALSE,7,NA,2019-09-04 02:59:39,TRUE,NA,"1169082566457970688",NA,"<a href=""http://twitter.com/download/android"" rel=""nofollow"">Twitter for Android</a>","prashant_baluni",2,FALSE,FALSE,NA,NA
"@itsthehedgehog Most of the outlets on #Zomato #Swiggy are single kitchens.

As a rule always look for a reputed na… https://t.co/yIBdNruwZk",FALSE,0,"itsthehedgehog",2019-09-04 02:33:23,TRUE,"1168911383481737226","1169075956457172992","1052124027249143808","<a href=""http://twitter.com/download/android"" rel=""nofollow"">Twitter for Android</a>","ilyased5",0,FALSE,FALSE,NA,NA
"RT @GardenCafeJpr: Thank you @jaipur_holic  -  <U+0001F33C>
<U+0001F3EE>WHAT: DAHI KEBAB
<U+0001F3EE>WHERE: DECKEDUP
Searching for best Dahi Kebab?
My suggestion Decked Up…",FALSE,0,NA,2019-09-04 01:45:09,FALSE,NA,"1169063817986416640",NA,"<a href=""http://twitter.com/download/android"" rel=""nofollow"">Twitter for Android</a>","Sharonbakhita1",1,TRUE,FALSE,NA,NA
"<U+092B><U+0942><U+0921> <U+0921><U+093F><U+0932><U+093F><U+0935><U+0930><U+0940> <U+092A><U+094D><U+0932><U+0947><U+091F><U+092B><U+0949><U+0930><U+094D><U+092E> <U+091C><U+094B><U+092E><U+0948><U+091F><U+094B> <U+0928><U+0947> <U+091F><U+094D><U+0935><U+093F><U+091F><U+0930> <U+092A><U+0930> <U+090F><U+0915> <U+091A><U+0941><U+091F><U+0915><U+0941><U+0932><U+093E> <U+0938><U+093E><U+091D><U+093E> <U+0915><U+093F><U+092F><U+093E> <U+0939><U+0948>, <U+091C><U+093E><U+0928><U+0947><U+0902> <U+0915><U+094D><U+092F><U+093E> <U+0915><U+0939><U+093E>

#zomato 

https://t.co/6gRuCja1qi",FALSE,0,NA,2019-09-04 00:21:20,FALSE,NA,"1169042725284409344",NA,"<a href=""https://mobile.twitter.com"" rel=""nofollow"">Twitter Web App</a>","Live_Hindustan",0,FALSE,FALSE,NA,NA
"RT @Ojasdubey9: @OjasKumarDubey1 @Zomato @ZomatoIN #zomato #ZomatoExposed #zomatoindia #mrdewesis #zomatouninstalled",FALSE,0,NA,2019-09-03 22:22:42,FALSE,NA,"1169012873609326593",NA,"<a href=""http://twitter.com/download/android"" rel=""nofollow"">Twitter for Android</a>","OjasKumarDubey1",1,TRUE,FALSE,NA,NA
"@OjasKumarDubey1 @Zomato @ZomatoIN #zomato #ZomatoExposed #zomatoindia #mrdewesis #zomatouninstalled",FALSE,1,"OjasKumarDubey1",2019-09-03 22:21:46,FALSE,"1169012096106938370","1169012636564054016","1040332220416684032","<a href=""http://twitter.com/download/android"" rel=""nofollow"">Twitter for Android</a>","Ojasdubey9",1,FALSE,FALSE,NA,NA
"RT @Nihar56823132: #zomato such fraud and fake company I hv ever seen in my life @ZomatoIN @deepigoyal I have received splileg items &amp; food…",FALSE,0,NA,2019-09-03 21:16:53,FALSE,NA,"1168996308096626690",NA,"<a href=""http://twitter.com/download/android"" rel=""nofollow"">Twitter for Android</a>","Nihar56823132",1,TRUE,FALSE,NA,NA
"#zomato such fraud and fake company I hv ever seen in my life @ZomatoIN @deepigoyal I have received splileg items &amp;… https://t.co/KkDWz1mCp7",FALSE,1,NA,2019-09-03 21:16:48,TRUE,NA,"1168996287339008005",NA,"<a href=""http://twitter.com/download/android"" rel=""nofollow"">Twitter for Android</a>","Nihar56823132",1,FALSE,FALSE,NA,NA
"When you see it... <U+0001F602><U+0001F602><U+0001F602>

#Zomato https://t.co/655OD64240",FALSE,1,NA,2019-09-03 20:37:06,FALSE,NA,"1168986298457251840",NA,"<a href=""http://twitter.com/download/android"" rel=""nofollow"">Twitter for Android</a>","thisisnitinpal",0,FALSE,FALSE,NA,NA
"Is #Zomato service in Balasore dead ?<U+0001F914>",FALSE,0,NA,2019-09-03 20:04:57,FALSE,NA,"1168978206969536523",NA,"<a href=""http://www.facebook.com/twitter"" rel=""nofollow"">Facebook</a>","santanupanda1",0,FALSE,FALSE,NA,NA
"@Zomato @ZomatoIN your delivery partner feeded ur cancelled food to begger who is in need of food at road side in m… https://t.co/ZgfBmKm1rn",FALSE,0,"Zomato",2019-09-03 19:56:00,TRUE,NA,"1168975954116534274","23283603","<a href=""http://twitter.com/download/android"" rel=""nofollow"">Twitter for Android</a>","ZubairKokkada",0,FALSE,FALSE,NA,NA
"RT @tfortitto: #Zomato you keep rocking , you made my day , this man is the inspiration for all who thinks there's life is screwed , please…",FALSE,0,NA,2019-09-03 19:53:56,FALSE,NA,"1168975431820820483",NA,"<a href=""http://twitter.com/download/android"" rel=""nofollow"">Twitter for Android</a>","the_rohittirkey",8422,TRUE,FALSE,NA,NA
"#ZomatoExposed #Zomato
#ZomatoBoycott
No value of customers and customer's money, as if  they are paying from their… https://t.co/keJGxiUvD3",FALSE,0,NA,2019-09-03 19:42:04,TRUE,NA,"1168972445677686785",NA,"<a href=""http://twitter.com/download/android"" rel=""nofollow"">Twitter for Android</a>","Sadhna76745921",0,FALSE,FALSE,NA,NA
"@ZomatoIN @Zomato  @zomatocare  please check this  order is running 3 hour late this is how #Zomato deliver food?? https://t.co/NDOMLdS49M",FALSE,0,"ZomatoIN",2019-09-03 19:30:52,FALSE,NA,"1168969627340333057","3282245130","<a href=""http://twitter.com/download/android"" rel=""nofollow"">Twitter for Android</a>","sagarthakur2410",0,FALSE,FALSE,NA,NA
"@desimojito Wow!!!!! Its like they never learn.... As if everyday #Zomato tries okay who can right a more idiotic tweet today.....",FALSE,1,"desimojito",2019-09-03 19:24:01,FALSE,"1168964108017909760","1168967905473703937","4789453135","<a href=""http://twitter.com/download/android"" rel=""nofollow"">Twitter for Android</a>","pint_f_gluttony",0,FALSE,FALSE,NA,NA
"@zomatocare And no wonder Restaurant Association and people are boycotting your services. Not sure I will be renewi… https://t.co/9t8EVjmt6W",FALSE,0,"zomatocare",2019-09-03 19:08:27,TRUE,"1168959937113993219","1168963988232781824","988362975617601536","<a href=""http://twitter.com/download/android"" rel=""nofollow"">Twitter for Android</a>","Mave_05",0,FALSE,FALSE,NA,NA
"When  #zomato jokes https://t.co/ucU14oAS8f",FALSE,0,NA,2019-09-03 19:07:15,FALSE,NA,"1168963683139170304",NA,"<a href=""http://twitter.com/download/android"" rel=""nofollow"">Twitter for Android</a>","i_M_wat_i_am",0,FALSE,FALSE,NA,NA
"Let's show some kindness. Pls help this guy whenever you see him in Indore around you on his old bicycle pushing ha… https://t.co/yXFtqoxwL2",FALSE,1,NA,2019-09-03 18:54:58,TRUE,NA,"1168960592088117249",NA,"<a href=""http://twitter.com/download/android"" rel=""nofollow"">Twitter for Android</a>","Yugansh_Mishra",1,FALSE,FALSE,NA,NA
"Looks like chat support team of Zomato are trained by Zakir Khan.. Because their replies be like 
Hmm..
Accha..
The… https://t.co/u7F0YTN5Zx",FALSE,1,NA,2019-09-03 18:51:41,TRUE,NA,"1168959766166736901",NA,"<a href=""http://twitter.com/download/android"" rel=""nofollow"">Twitter for Android</a>","Prutha71193468",0,FALSE,FALSE,NA,NA
"Food is definitely a religion but please don't do ""Jehad"" i.e. serving poor and rancid food.. Plus @Zomato… https://t.co/a4V765mmPI",FALSE,0,NA,2019-09-03 18:10:46,TRUE,NA,"1168949471423676418",NA,"<a href=""http://twitter.com/download/android"" rel=""nofollow"">Twitter for Android</a>","Utkkkarshh",0,FALSE,FALSE,NA,NA
"Standard Chartered launches DigiSmart credit card
#StandardChartered #launches #DigiSmart #creditcard… https://t.co/CfhMfjrirE",FALSE,0,NA,2019-09-03 17:49:44,TRUE,NA,"1168944178908356613",NA,"<a href=""https://mobile.twitter.com"" rel=""nofollow"">Twitter Web App</a>","pennewstweet",0,FALSE,FALSE,NA,NA
"@Zomato when #zomato expects higher responsiveness on chat than your girlfriend. On a serious note #pathetic… https://t.co/HoQpVCfgQ5",FALSE,0,"Zomato",2019-09-03 17:43:28,TRUE,NA,"1168942600474288129","23283603","<a href=""http://twitter.com/download/iphone"" rel=""nofollow"">Twitter for iPhone</a>","vipin2011",0,FALSE,FALSE,NA,NA
"#Zomato  delivered food with a foul smell and the customer care is not responding too https://t.co/vyVYBsX04I",FALSE,0,NA,2019-09-03 17:16:03,FALSE,NA,"1168935700076646405",NA,"<a href=""http://twitter.com/download/iphone"" rel=""nofollow"">Twitter for iPhone</a>","vrittant",0,FALSE,FALSE,NA,NA
"Are you a chicken lover?? Love to have juicy and crisp chicken, then surely visit or order online our range in mugh… https://t.co/ew2MmvlP7T",FALSE,1,NA,2019-09-03 17:13:02,TRUE,NA,"1168934941972992000",NA,"<a href=""http://twitter.com/download/android"" rel=""nofollow"">Twitter for Android</a>","infopersiandar1",0,FALSE,FALSE,NA,NA
"Enjoy the exotic and aromatic magical spiced up flavours in all the mughlai cuisine  only at Persia Darbar.
Visit P… https://t.co/xbG3vcIvVE",FALSE,1,NA,2019-09-03 17:10:48,TRUE,NA,"1168934378044633090",NA,"<a href=""http://twitter.com/download/android"" rel=""nofollow"">Twitter for Android</a>","DarbarPersia",0,FALSE,FALSE,NA,NA
"#momos #dumplings #mumbai #kandivali #malad #borivali #goregaon #delivery #swiggy #zomato https://t.co/SnlZ6XAZN3",FALSE,0,NA,2019-09-03 17:08:19,FALSE,NA,"1168933753089155072",NA,"<a href=""http://twitter.com/download/android"" rel=""nofollow"">Twitter for Android</a>","themomohouse7",0,FALSE,FALSE,NA,NA
"@ZomatoIN boys <U+0001F4AA> #Zomato https://t.co/t6RbRvBztR",FALSE,0,"ZomatoIN",2019-09-03 16:44:21,FALSE,NA,"1168927722372030464","3282245130","<a href=""http://twitter.com/download/android"" rel=""nofollow"">Twitter for Android</a>","sandipahir6",0,FALSE,FALSE,NA,NA
"So I was just moving around my old books when I found this!! 
#Timescity Food guide from pre-#zomato era by #times.… https://t.co/mOOKx7QdrU",FALSE,1,NA,2019-09-03 16:33:14,TRUE,NA,"1168924926037909504",NA,"<a href=""https://mobile.twitter.com"" rel=""nofollow"">Twitter Web App</a>","WittyWrites",0,FALSE,FALSE,NA,NA
"Before eating anything please break it. 

Why? 
To see what actually is inside the dish you are going to eat.… https://t.co/PrAWBWf6Fg",FALSE,0,NA,2019-09-03 16:23:11,TRUE,NA,"1168922396205694976",NA,"<a href=""http://twitter.com/download/android"" rel=""nofollow"">Twitter for Android</a>","Mritunjaya99",0,FALSE,FALSE,NA,NA
"#zomato
@ 9330473617
@@ 8676866034
@@/ 7477899891 https://t.co/bdaxfyROfW",FALSE,0,NA,2019-09-03 16:22:40,FALSE,NA,"1168922265871888386",NA,"<a href=""http://twitter.com/download/android"" rel=""nofollow"">Twitter for Android</a>","rajsahvv",0,FALSE,FALSE,NA,NA
"Will you order food from food delivery services? 

#zomato
#Bikanerwala

 https://t.co/9WXJylcgoM",FALSE,0,NA,2019-09-03 16:18:57,FALSE,NA,"1168921329053179904",NA,"<a href=""http://twitter.com/download/android"" rel=""nofollow"">Twitter for Android</a>","Mritunjaya99",0,FALSE,FALSE,NA,NA
"<U+0905><U+0932><U+0940><U+0917><U+0922><U+093C> <U+092E><U+0947><U+0902> <U+0906><U+092A><U+0915><U+0940> <U+092C><U+0947><U+0939><U+0926> <U+0916><U+0930><U+093E><U+092C> <U+0907><U+0938><U+094D><U+0925><U+093F><U+0924><U+093F> <U+0939><U+0948> 1 <U+0918><U+0923><U+094D><U+091F><U+093E> <U+0939><U+094B> <U+0917><U+092F><U+093E> <U+0911><U+0930><U+094D><U+0921><U+0930> <U+0915><U+093F><U+092F><U+0947> <U+0939><U+0941><U+090F> <U+0935><U+094B> <U+092D><U+0940> <U+090F><U+0921><U+0935><U+093E><U+0902><U+0938> <U+092A><U+0947> <U+0915><U+0930><U+0928><U+0947> <U+0915><U+0947> <U+092C><U+093E><U+0926> richi rich restaurant #zomato",FALSE,0,NA,2019-09-03 16:12:45,FALSE,NA,"1168919770403606530",NA,"<a href=""http://twitter.com/download/android"" rel=""nofollow"">Twitter for Android</a>","bhanu9458660226",0,FALSE,FALSE,NA,NA
"Interesting Chat with ZOMATO! Wanted to let ZOMATO know about this mixup but ZOMATO doesn’t want to listen. #zomato… https://t.co/Lce0PaTpQr",FALSE,0,NA,2019-09-03 16:12:19,TRUE,NA,"1168919660290617351",NA,"<a href=""http://twitter.com/download/iphone"" rel=""nofollow"">Twitter for iPhone</a>","tej07inder",0,FALSE,FALSE,NA,NA
"@Zomato 

All restaurant are offline , from 25m... What's hell this , why you had opened this in #basti town ... If… https://t.co/x2Xy6NZhnj",FALSE,0,"Zomato",2019-09-03 16:09:24,TRUE,NA,"1168918926744596481","23283603","<a href=""http://twitter.com/download/android"" rel=""nofollow"">Twitter for Android</a>","vnksix",0,FALSE,FALSE,NA,NA
"Butter Chicken Pizza bubsterrsbarandkitchen
.
.
Follow @amitsrv for more
.
.
#pune #Punefoodies  #foodblog… https://t.co/bVqQrKygEI",FALSE,0,NA,2019-09-03 16:04:07,TRUE,NA,"1168917599280869379",NA,"<a href=""http://instagram.com"" rel=""nofollow"">Instagram</a>","amitsrv",0,FALSE,FALSE,"73.93925","18.5446199"
"My #zomatogoldexperience #zomato 

#frieddory 
#nasigorengkampung 
#dinner 
#latepost 
#jakartafooddestination… https://t.co/TtfEA18VEc",FALSE,0,NA,2019-09-03 15:59:29,TRUE,NA,"1168916431762874371",NA,"<a href=""http://instagram.com"" rel=""nofollow"">Instagram</a>","endisyah",0,FALSE,FALSE,"106.82464957","-6.18362218"
"After 35 min wait @ZomatoIN Cancelled my confirmed order wasted my time. No customer value. Shame on #Zomato.… https://t.co/hRKaCyycCO",FALSE,0,NA,2019-09-03 15:42:45,TRUE,NA,"1168912220207669249",NA,"<a href=""http://twitter.com/download/android"" rel=""nofollow"">Twitter for Android</a>","ohmprakash52",0,FALSE,FALSE,NA,NA
"#Zomato 's 'oregano' tweet triggers hilarious responses

 https://t.co/Swd7yveO40",FALSE,1,NA,2019-09-03 15:39:56,FALSE,NA,"1168911513865920513",NA,"<a href=""https://mobile.twitter.com"" rel=""nofollow"">Twitter Web App</a>","thenglishpost",0,FALSE,FALSE,NA,NA
"No customer value @Zomato. After half hour waiting time #Zomato cancelled order. Waste my time.
#ZomatoExposed… https://t.co/4ToMnkdkHB",FALSE,0,NA,2019-09-03 15:37:07,TRUE,NA,"1168910801710829573",NA,"<a href=""http://twitter.com/download/android"" rel=""nofollow"">Twitter for Android</a>","ohmprakash52",0,FALSE,FALSE,NA,NA
"Very poor service and no value of customers by #Zomato. I'm ordered and my waiting time was 29min. After29min… https://t.co/LHdO3mjH5h",FALSE,0,NA,2019-09-03 15:32:37,TRUE,NA,"1168909669441638401",NA,"<a href=""http://twitter.com/download/android"" rel=""nofollow"">Twitter for Android</a>","ohmprakash52",0,FALSE,FALSE,NA,NA
"So @PizzaHutIN with help of @Zomato @ZomatoIN is selling Rs. 99 #Pizza at an exorbitant price of Rs. 299 ! These 42… https://t.co/GaYXVKKooo",FALSE,0,NA,2019-09-03 15:28:40,TRUE,NA,"1168908676855422976",NA,"<a href=""http://twitter.com/download/android"" rel=""nofollow"">Twitter for Android</a>","TheSumanG",0,FALSE,FALSE,NA,NA
"@ZomatoIN i ordered veg food but received Chicken and it is Ganpati in my house i will surely do legal action again… https://t.co/38MKjC6XQU",FALSE,0,"ZomatoIN",2019-09-03 15:04:50,TRUE,NA,"1168902679004925958","3282245130","<a href=""http://twitter.com/download/android"" rel=""nofollow"">Twitter for Android</a>","RahulD21007",0,FALSE,FALSE,NA,NA
"@zomatocare What kind of a joke #Zomato is doing first they didnot arrange a call so that i check my order with the… https://t.co/0oyZSAyMWI",FALSE,0,"zomatocare",2019-09-03 14:35:30,TRUE,"1168840567477821440","1168895298573389826","988362975617601536","<a href=""http://twitter.com/download/android"" rel=""nofollow"">Twitter for Android</a>","Aashendra",0,FALSE,FALSE,NA,NA
"Zomato’s ‘oregano’ tweet triggers hilarious responses
Read @TheSiasatDaily | https://t.co/pQ6bo2KDk1
#zomato @ZomatoIN #triggers",FALSE,1,NA,2019-09-03 14:34:01,FALSE,NA,"1168894925657841665",NA,"<a href=""https://www.semrush.com/"" rel=""nofollow"">SEMrush Social Media Tool</a>","TheSiasatDaily",0,FALSE,FALSE,NA,NA
"#zomato

Me being single only get one kind of  romantic messages.

""Zomato is missing you""<U+0001F612>",FALSE,0,NA,2019-09-03 14:23:37,FALSE,NA,"1168892305509625857",NA,"<a href=""http://twitter.com/download/android"" rel=""nofollow"">Twitter for Android</a>","mere_memes",0,FALSE,FALSE,NA,NA
"RT @nillkool9: After this..#Zomato should also do something for Male fraternity. 

*Female delivery staff* <U+0001F609><U+0001F602> https://t.co/5RSxxgI6ia",FALSE,0,NA,2019-09-03 14:23:31,FALSE,NA,"1168892283242110984",NA,"<a href=""http://twitter.com/download/android"" rel=""nofollow"">Twitter for Android</a>","Oye_Vijaay",20,TRUE,FALSE,NA,NA
"@ZomatoIN Haha! You've no idea @ZomatoIN ! Kids collect stamps, legends <U+0001F447>. Keep sending it <U+0001F602><U+0001F60B> #zomato #zomatoindia… https://t.co/TdYrundGja",FALSE,0,"ZomatoIN",2019-09-03 14:15:53,TRUE,"1168775594152087553","1168890360199819268","3282245130","<a href=""http://twitter.com/download/android"" rel=""nofollow"">Twitter for Android</a>","ahabrahmasmi",0,FALSE,FALSE,NA,NA
"Haha! You've no idea @ZomatoIN ! Kids collect stamps, legends <U+0001F447>. Keep sending it <U+0001F602><U+0001F60B> #zomato #zomatoindia @Zomato… https://t.co/5crzwfWkER",FALSE,0,NA,2019-09-03 14:15:09,TRUE,NA,"1168890177680547841",NA,"<a href=""http://twitter.com/download/android"" rel=""nofollow"">Twitter for Android</a>","ahabrahmasmi",0,FALSE,FALSE,NA,NA
"@Zomato @ZomatoIN @zomatocare 

So d delivery person tells me it's taking 2 much time, he is cancelling d order on… https://t.co/QPXE7VSfl5",FALSE,0,"Zomato",2019-09-03 14:10:13,TRUE,NA,"1168888933943578624","23283603","<a href=""http://twitter.com/download/android"" rel=""nofollow"">Twitter for Android</a>","kuttaiclub",0,FALSE,FALSE,NA,NA
"Dear @ZomatoIN, Have you discontinued your online food delivery service from Kannur in Kerala.? #Zomato #Food",FALSE,0,NA,2019-09-03 13:55:04,FALSE,NA,"1168885120419299328",NA,"<a href=""https://mobile.twitter.com"" rel=""nofollow"">Twitter Web App</a>","jinoytommanjaly",0,FALSE,FALSE,NA,NA
"@Zomato Your delivery person never reached the mentioned address, your support doesn't have time for customers and… https://t.co/uPbkmclN8g",FALSE,0,"Zomato",2019-09-03 13:46:33,TRUE,NA,"1168882979957018635","23283603","<a href=""http://twitter.com/download/android"" rel=""nofollow"">Twitter for Android</a>","amitguptad9",0,FALSE,FALSE,NA,NA
"@Zomato For same order from same restaurant your delivery charges are higher when ordering from mobile app than whe… https://t.co/DujJ58Dl7i",FALSE,0,"Zomato",2019-09-03 13:41:16,TRUE,NA,"1168881650631151618","23283603","<a href=""http://twitter.com/download/android"" rel=""nofollow"">Twitter for Android</a>","RitzJosh10",0,FALSE,FALSE,NA,NA
"RT @nillkool9: After this..#Zomato should also do something for Male fraternity. 

*Female delivery staff* <U+0001F609><U+0001F602> https://t.co/5RSxxgI6ia",FALSE,0,NA,2019-09-03 13:22:59,FALSE,NA,"1168877046526877697",NA,"<a href=""http://twitter.com/download/android"" rel=""nofollow"">Twitter for Android</a>","palpenditular",20,TRUE,FALSE,NA,NA
"Standard Chartered launches DigiSmart credit card
#Standard #Chartered #launches #Digismart #creditcard #ecommerce… https://t.co/RG4KeOMjFX",FALSE,0,NA,2019-09-03 13:18:35,TRUE,NA,"1168875938458718208",NA,"<a href=""https://mobile.twitter.com"" rel=""nofollow"">Twitter Web App</a>","pennewstweet",0,FALSE,FALSE,NA,NA
"@sanjivaqua @RoadsOfMumbai @Disha_Bhatt @MumbaiPolice #Zomato and #swiggy riders do this offence of riding on footh… https://t.co/DHBsvoVlEm",FALSE,1,"sanjivaqua",2019-09-03 13:12:55,TRUE,"1168770842689327104","1168874512231780353","94842964","<a href=""http://twitter.com/download/android"" rel=""nofollow"">Twitter for Android</a>","rani_iyer25",0,FALSE,FALSE,NA,NA
"Home-grown restaurant search and delivery platform 
@Zomato took to #Twitter to share a joke that seems to have res… https://t.co/gxmPqnh7Tb",FALSE,0,NA,2019-09-03 13:12:45,TRUE,NA,"1168874470456451072",NA,"<a href=""https://mobile.twitter.com"" rel=""nofollow"">Twitter Web App</a>","ians_india",0,FALSE,FALSE,NA,NA
"@zomatocare This is taking too long, please arrange a call if you really care for your customer. #zomato #zomatoindia",FALSE,0,"zomatocare",2019-09-03 12:42:14,FALSE,"1168861727632457728","1168866791134769152","988362975617601536","<a href=""http://twitter.com/download/android"" rel=""nofollow"">Twitter for Android</a>","IamHarshBhatt",0,FALSE,FALSE,NA,NA
"RT @nillkool9: After this..#Zomato should also do something for Male fraternity. 

*Female delivery staff* <U+0001F609><U+0001F602> https://t.co/5RSxxgI6ia",FALSE,0,NA,2019-09-03 12:39:56,FALSE,NA,"1168866215164559360",NA,"<a href=""http://twitter.com/download/android"" rel=""nofollow"">Twitter for Android</a>","Priiinceeee",20,TRUE,FALSE,NA,NA
"Such reviews from our Customers totally make our day!
Thank you for your generous review. Do visit Cafe Rider's Par… https://t.co/qvDVOpEqP3",FALSE,0,NA,2019-09-03 12:33:40,TRUE,NA,"1168864637741199360",NA,"<a href=""http://twitter.com/download/android"" rel=""nofollow"">Twitter for Android</a>","riders_paradise",0,FALSE,FALSE,NA,NA
"We heard you &amp; here we come! #Zomato #DeliveryOutlets

Getting closer to you all with all new Zomato Delivery Outle… https://t.co/dYJbzFHyMz",FALSE,0,NA,2019-09-03 12:18:58,TRUE,NA,"1168860936716734464",NA,"<a href=""https://mobile.twitter.com"" rel=""nofollow"">Twitter Web App</a>","apsaraicecreams",0,FALSE,FALSE,NA,NA
"Now eating is fun with our platters. It's a combination of different aromatic spices and tangy masala marinated. Ta… https://t.co/qzSFrpcP6x",FALSE,0,NA,2019-09-03 12:16:41,TRUE,NA,"1168860361782509568",NA,"<a href=""https://mobile.twitter.com"" rel=""nofollow"">Twitter Web App</a>","FineRosewater",0,FALSE,FALSE,NA,NA
"100% #Eggless #Bakery

At ""The Baking Bliss"" we are 100% Eggless bakery in West Delhi area. Now also available on… https://t.co/pPB0gwDNr4",FALSE,0,NA,2019-09-03 12:12:13,TRUE,NA,"1168859236677275649",NA,"<a href=""https://mobile.twitter.com"" rel=""nofollow"">Twitter Web App</a>","The_bakingbliss",0,FALSE,FALSE,NA,NA
"Okay. This is interesting my #Zomato delivery guy is from Holland. And here I have never been out of India. https://t.co/ZYjhkUdyvW",FALSE,1,NA,2019-09-03 12:01:07,FALSE,NA,"1168856445565071360",NA,"<a href=""http://twitter.com/download/android"" rel=""nofollow"">Twitter for Android</a>","too_lazyy",0,FALSE,FALSE,NA,NA
"El futuro incierto de la industria de restaurantes. 2.000 restaurantes cancelan adhesión a apps de despacho de comi… https://t.co/gYy9VBPdaO",FALSE,0,NA,2019-09-03 11:59:39,TRUE,NA,"1168856075900030982",NA,"<a href=""http://www.linkedin.com/"" rel=""nofollow"">LinkedIn</a>","JoseRMirabal",0,FALSE,FALSE,NA,NA
"RT @NewsNationTV: Do you also collect #oregano and chilli flakes sachets? Zomato’s latest tweet is surely for you @ZomatoIN #Zomato
https:/…",FALSE,0,NA,2019-09-03 11:59:34,FALSE,NA,"1168856054773342208",NA,"<a href=""https://mobile.twitter.com"" rel=""nofollow"">Twitter Web App</a>","NewsNationTV",1,TRUE,FALSE,NA,NA
"Do you also collect #oregano and chilli flakes sachets? Zomato’s latest tweet is surely for you @ZomatoIN #Zomato
https://t.co/MCXza0ltxo",FALSE,2,NA,2019-09-03 11:59:30,FALSE,NA,"1168856038717542402",NA,"<a href=""https://mobile.twitter.com"" rel=""nofollow"">Twitter Web App</a>","NewsNationTV",1,FALSE,FALSE,NA,NA
"Zomato Portugal: Festa de lançamento Zomato Póvoa de Varzim e Vila do Conde | Fortaleza https://t.co/acY60ANZrS… https://t.co/1mcsLJ9hxs",FALSE,0,NA,2019-09-03 11:51:56,TRUE,NA,"1168854133983465472",NA,"<a href=""https://ifttt.com"" rel=""nofollow"">IFTTT</a>","valentissimo",0,FALSE,FALSE,NA,NA
"HUNGRY?
Eat Endless, Save Endless
#zomato brings you amazing offers.
click here to know more :D… https://t.co/001NAJNfqe",FALSE,0,NA,2019-09-03 11:47:03,TRUE,NA,"1168852904817479682",NA,"<a href=""https://mobile.twitter.com"" rel=""nofollow"">Twitter Web App</a>","Zoutons",0,FALSE,FALSE,NA,NA
"@ANI Lo bhai ab bhejo koi iske liye #zomato <U+0001F923>",FALSE,0,"ANI",2019-09-03 10:41:15,FALSE,"1168809883795251200","1168836346724503558","355989081","<a href=""http://twitter.com/download/android"" rel=""nofollow"">Twitter for Android</a>","rootbeeper",0,FALSE,FALSE,NA,NA
"#Zomato really disappointed with the service. Here is the Order no 1529088768. As per the last conversation I was n… https://t.co/thcEiTkygb",FALSE,0,NA,2019-09-03 10:40:53,TRUE,NA,"1168836253459968000",NA,"<a href=""http://twitter.com/download/iphone"" rel=""nofollow"">Twitter for iPhone</a>","sandeep1344",0,FALSE,FALSE,NA,NA
"Wrote a email as well 2 days ago but no reply. #Zomato",FALSE,0,"AartiBa18570350",2019-09-03 10:03:39,FALSE,"1168826882420117504","1168826885641392130","1168822994866585600","<a href=""http://twitter.com/download/android"" rel=""nofollow"">Twitter for Android</a>","AartiBa18570350",0,FALSE,FALSE,NA,NA
"#zomato #ferozepur #protest #punjab 

https://t.co/094CI1wYML",FALSE,0,NA,2019-09-03 10:03:18,FALSE,NA,"1168826795711328262",NA,"<a href=""https://mobile.twitter.com"" rel=""nofollow"">Twitter Web App</a>","unitednripost",0,FALSE,FALSE,NA,NA
"RT @sudhanshutandon: Great way to fool the customers with a 50% discount offer, when you just add hidden charges later! @ZomatoIN @zomatoca…",FALSE,0,NA,2019-09-03 09:32:36,FALSE,NA,"1168819069362982913",NA,"<a href=""http://twitter.com/download/android"" rel=""nofollow"">Twitter for Android</a>","aasim_merchant",6,TRUE,FALSE,NA,NA
"RT @BuffetHouseJpr: Thats right! All the burger lovers rejoice, now get a burger for free when you buy any 3 burgers.

#OurTaste #OurLegacy…",FALSE,0,NA,2019-09-03 09:20:15,FALSE,NA,"1168815961257852928",NA,"<a href=""https://mobile.twitter.com"" rel=""nofollow"">Twitter Web App</a>","BuffetHouseJpr",1,TRUE,FALSE,NA,NA
"Thats right! All the burger lovers rejoice, now get a burger for free when you buy any 3 burgers.

#OurTaste… https://t.co/MBHYlqqRUQ",FALSE,1,NA,2019-09-03 09:16:51,TRUE,NA,"1168815105225572353",NA,"<a href=""https://mobile.twitter.com"" rel=""nofollow"">Twitter Web App</a>","BuffetHouseJpr",1,FALSE,FALSE,NA,NA
"RT @TajinderBagga: Ordered on Zomato, delivery guy name was Atul so I added 20 Rs Tip Extra because I knew he is failed comedian not gettin…",FALSE,0,NA,2019-09-03 09:10:17,FALSE,NA,"1168813454657904641",NA,"<a href=""http://twitter.com/download/android"" rel=""nofollow"">Twitter for Android</a>","anirudh560",6605,TRUE,FALSE,NA,NA
"RT @Aashendra: I have ordered my lunch from #Zomato at 12:17 pm and even after more than one hour i didn't received my order.
I had chat wi…",FALSE,0,NA,2019-09-03 09:08:36,FALSE,NA,"1168813030076895238",NA,"<a href=""https://mobile.twitter.com"" rel=""nofollow"">Twitter Web App</a>","_alokm",1,TRUE,FALSE,NA,NA
"RT @Aashendra: Now cancelled my order without my permission #Zomato #zomatoboycott #zomatoindia https://t.co/uYGgG2806V",FALSE,0,NA,2019-09-03 09:08:29,FALSE,NA,"1168813001916313601",NA,"<a href=""https://mobile.twitter.com"" rel=""nofollow"">Twitter Web App</a>","_alokm",1,TRUE,FALSE,NA,NA
"RT @RahulKu67958621: #zomato customer care number
8777364685
8777364685
6204853890
6204853890
8777364685 https://t.co/LPPMPO7DQL",FALSE,0,NA,2019-09-03 09:03:21,FALSE,NA,"1168811708271316992",NA,"<a href=""http://twitter.com/download/android"" rel=""nofollow"">Twitter for Android</a>","RahulKu67958621",1,TRUE,FALSE,NA,NA
"#zomato customer care number
8777364685
8777364685
6204853890
6204853890
8777364685 https://t.co/LPPMPO7DQL",FALSE,1,NA,2019-09-03 09:03:06,FALSE,NA,"1168811644199157762",NA,"<a href=""http://twitter.com/download/android"" rel=""nofollow"">Twitter for Android</a>","RahulKu67958621",1,FALSE,FALSE,NA,NA
"@pokershash @iRajput4 Anyone can put finger and question Hindus way of living. But, No one can question Muslim way… https://t.co/RW1DsbfJPS",FALSE,0,"pokershash",2019-09-03 09:02:17,TRUE,"1168112736019992578","1168811442096599040","2467940504","<a href=""https://mobile.twitter.com"" rel=""nofollow"">Twitter Web App</a>","SanjayP74689905",0,FALSE,FALSE,NA,NA
"Zomato is a rubbish company making the delivery boy a chore and not hiring a delivery boy.#zomatoboycott #Zomato #ZomatoExposed",FALSE,1,NA,2019-09-03 08:57:24,FALSE,NA,"1168810210929999872",NA,"<a href=""http://twitter.com/download/android"" rel=""nofollow"">Twitter for Android</a>","UttamSo65437465",0,FALSE,FALSE,NA,NA
"Now cancelled my order without my permission #Zomato #zomatoboycott #zomatoindia https://t.co/uYGgG2806V",FALSE,0,"Aashendra",2019-09-03 08:53:27,FALSE,"1168798816285294592","1168809218700300288","92550858","<a href=""http://twitter.com/download/android"" rel=""nofollow"">Twitter for Android</a>","Aashendra",1,FALSE,FALSE,NA,NA
"#ubereats On 30th july, I ordered food, but when it was delivered I found cheese nan was missing. So I returned the… https://t.co/Pisbe04QLI",FALSE,0,NA,2019-09-03 08:17:15,TRUE,NA,"1168800106323181568",NA,"<a href=""http://twitter.com/download/android"" rel=""nofollow"">Twitter for Android</a>","DebadritaRoy",0,FALSE,FALSE,NA,NA
"We would like to thank Sidhant Ahuja for encouraging and supporting us with a positive review on Zomato. Visit Paci… https://t.co/MjjZXT3aj2",FALSE,0,NA,2019-09-03 08:12:47,TRUE,NA,"1168798984745443329",NA,"<a href=""https://mobile.twitter.com"" rel=""nofollow"">Twitter Web App</a>","Pacific_hotels",0,FALSE,FALSE,NA,NA
"I have ordered my lunch from #Zomato at 12:17 pm and even after more than one hour i didn't received my order.
I ha… https://t.co/Z9evc5qhkU",FALSE,1,NA,2019-09-03 08:12:07,TRUE,NA,"1168798816285294592",NA,"<a href=""http://twitter.com/download/android"" rel=""nofollow"">Twitter for Android</a>","Aashendra",1,FALSE,FALSE,NA,NA
"#StandardCharteredBank launches #DigiSmart #CreditCard; Get instant discounts at #Myntra, #Grofers, #Yatra, #Zomato… https://t.co/jra9hcVsUe",FALSE,3,NA,2019-09-03 07:37:31,TRUE,NA,"1168790108880850945",NA,"<a href=""http://twitter.com"" rel=""nofollow"">Twitter Web Client</a>","ZeeBusiness",0,FALSE,FALSE,NA,NA
"@ZomatoIN You Forget about Best Restaurant #logout #Zomato #zomatoboycott  #zomatouninstalled",FALSE,0,"ZomatoIN",2019-09-03 07:37:14,FALSE,"1168775594152087553","1168790037632184320","3282245130","<a href=""http://twitter.com/download/android"" rel=""nofollow"">Twitter for Android</a>","ranjan_odisha",0,FALSE,FALSE,NA,NA
"#zomato
If ordering biryani in Zomato on-line..
Bad smell piece s very bad smell https://t.co/r5pehOzWtq",FALSE,0,NA,2019-09-03 07:28:36,FALSE,NA,"1168787863216877568",NA,"<a href=""http://twitter.com/download/android"" rel=""nofollow"">Twitter for Android</a>","RP99602669",0,FALSE,FALSE,NA,NA
"RT @Vc6dGwu09RsvkYb: #Zomato 
#Allah_Kabir 
“<U+0928><U+092C><U+0940> <U+092E><U+0941><U+0939><U+092E><U+094D><U+092E><U+0926> <U+0928><U+092E><U+0938><U+094D><U+0915><U+093E><U+0930> <U+0939><U+0948> <U+0930><U+093E><U+092E> <U+0930><U+0938><U+0942><U+0932> <U+0915><U+0939><U+093E><U+092F><U+093E> 1<U+0932><U+093E><U+0916> 80 <U+0915><U+094B> <U+0938><U+094C><U+0917><U+0902><U+0927> <U+091C><U+093F><U+0928> <U+0928><U+0939><U+0940><U+0902> <U+0915><U+0930><U+0926> <U+091A><U+0932><U+093E><U+092F><U+093E><U+0964> 
<U+0905><U+0930><U+0938> <U+0915><U+0941><U+0930><U+0938> <U+092A><U+0930> <U+0905><U+0932><U+094D><U+0932><U+0939>…",FALSE,0,NA,2019-09-03 07:17:55,FALSE,NA,"1168785176450568192",NA,"<a href=""http://twitter.com/download/android"" rel=""nofollow"">Twitter for Android</a>","Krishna25383438",65,TRUE,FALSE,NA,NA
"RT @nillkool9: After this..#Zomato should also do something for Male fraternity. 

*Female delivery staff* <U+0001F609><U+0001F602> https://t.co/5RSxxgI6ia",FALSE,0,NA,2019-09-03 07:17:40,FALSE,NA,"1168785112177106944",NA,"<a href=""http://twitter.com/download/android"" rel=""nofollow"">Twitter for Android</a>","hadd_hai_bc",20,TRUE,FALSE,NA,NA
"A new destination for your foodgasm is now serving awesomeness at Indore. So rush in to our outlet to explore the f… https://t.co/nVzsB6566J",FALSE,0,NA,2019-09-03 07:13:02,TRUE,NA,"1168783945460109313",NA,"<a href=""http://twitter.com/download/android"" rel=""nofollow"">Twitter for Android</a>","Teavillacafe",0,FALSE,FALSE,NA,NA
"@SwiggyCares @swiggy_in  you just lost 1 loyal customer today received very bad quality of food and in return they… https://t.co/OSoYiSQXlH",FALSE,1,"SwiggyCares",2019-09-03 07:10:38,TRUE,NA,"1168783343065812992","3286336254","<a href=""http://twitter.com/download/android"" rel=""nofollow"">Twitter for Android</a>","Saur_castic",0,FALSE,FALSE,NA,NA
"Dear #Zomato, you are doing great business to give home delivery of food items, I want to suggest you another busin… https://t.co/2pLuBtnBft",FALSE,0,NA,2019-09-03 07:10:21,TRUE,NA,"1168783270382718976",NA,"<a href=""http://twitter.com/download/android"" rel=""nofollow"">Twitter for Android</a>","ShridharDave2",0,FALSE,FALSE,NA,NA
"See how online partnerships have enabled restaurants to increase overall top line by 30% #Online #Swiggy #Zomato… https://t.co/GxX6MiI2uU",FALSE,1,NA,2019-09-03 07:00:07,TRUE,NA,"1168780697575874560",NA,"<a href=""https://buffer.com"" rel=""nofollow"">Buffer</a>","RedSeer",0,FALSE,FALSE,NA,NA
"RT @nillkool9: After this..#Zomato should also do something for Male fraternity. 

*Female delivery staff* <U+0001F609><U+0001F602> https://t.co/5RSxxgI6ia",FALSE,0,NA,2019-09-03 06:42:37,FALSE,NA,"1168776290352021504",NA,"<a href=""http://twitter.com/download/android"" rel=""nofollow"">Twitter for Android</a>","_sher_dil_india",20,TRUE,FALSE,NA,NA
"In Waffles and chocolate we trust.

Vibe with our Chocolate Explosion Waffle, order now on @zomatoin and… https://t.co/BfCLNnmKqJ",FALSE,1,NA,2019-09-03 06:29:41,TRUE,NA,"1168773037191311360",NA,"<a href=""https://buffer.com"" rel=""nofollow"">Buffer</a>","CoffeeByDiBella",0,FALSE,FALSE,NA,NA
"Time to get unplugged this Wednesday Live Nights featuring Siddharth Koli strumming some rhythmic tunes while you e… https://t.co/O061SIomRn",FALSE,0,NA,2019-09-03 06:26:06,TRUE,NA,"1168772136829247490",NA,"<a href=""http://twitter.com/download/android"" rel=""nofollow"">Twitter for Android</a>","lhcmumbai",0,FALSE,FALSE,NA,NA
"RT @Ranjeet69196046: <U+091F><U+094D><U+0930><U+0948><U+092B><U+093F><U+0915> <U+0928><U+093F><U+092F><U+092E><U+094B><U+0902> <U+0938><U+0947> <U+0907><U+0924><U+0928><U+093E> <U+092A><U+0930><U+0947><U+0936><U+093E><U+0928> <U+0939><U+094B> <U+0932><U+0917><U+0924><U+093E> <U+0939><U+0948> 
#zomato #swiggy <U+092E><U+0947> <U+0915><U+093E><U+092E> <U+0915><U+0930><U+0924><U+0947> <U+0939><U+094B> <U+0001F602><U+0001F60D> https://t.co/EaYyZo9OZt",FALSE,0,NA,2019-09-03 06:10:56,FALSE,NA,"1168768318531985408",NA,"<a href=""http://twitter.com/download/android"" rel=""nofollow"">Twitter for Android</a>","Ranjeet69196046",1,TRUE,FALSE,NA,NA
"<U+091F><U+094D><U+0930><U+0948><U+092B><U+093F><U+0915> <U+0928><U+093F><U+092F><U+092E><U+094B><U+0902> <U+0938><U+0947> <U+0907><U+0924><U+0928><U+093E> <U+092A><U+0930><U+0947><U+0936><U+093E><U+0928> <U+0939><U+094B> <U+0932><U+0917><U+0924><U+093E> <U+0939><U+0948> 
#zomato #swiggy <U+092E><U+0947> <U+0915><U+093E><U+092E> <U+0915><U+0930><U+0924><U+0947> <U+0939><U+094B> <U+0001F602><U+0001F60D> https://t.co/EaYyZo9OZt",FALSE,3,NA,2019-09-03 06:10:22,FALSE,NA,"1168768177230102530",NA,"<a href=""http://twitter.com/download/android"" rel=""nofollow"">Twitter for Android</a>","Ranjeet69196046",1,FALSE,FALSE,NA,NA
"Must Read | Here's Why Restaurants are Fighting with Swiggy and Zomato?: https://t.co/Pl7hzfdl4W

#Restaurants… https://t.co/sA258IafOa",FALSE,0,NA,2019-09-03 06:01:54,TRUE,NA,"1168766046607536128",NA,"<a href=""https://mobile.twitter.com"" rel=""nofollow"">Twitter Web App</a>","indianmoney",0,FALSE,FALSE,NA,NA
"#Zomato start in Hardoi https://t.co/74y3pdj30e",FALSE,0,NA,2019-09-03 05:50:52,FALSE,NA,"1168763268179091459",NA,"<a href=""http://twitter.com/download/android"" rel=""nofollow"">Twitter for Android</a>","Abhijee04471560",0,FALSE,FALSE,NA,NA
"@ZomatoIN @ZomatoGold @zomatocare being a gold member doesn't mean anything if u guys can't help in small &amp;  simple… https://t.co/WNcfk7YsbK",FALSE,0,"ZomatoIN",2019-09-03 05:50:07,TRUE,NA,"1168763079401754626","3282245130","<a href=""http://twitter.com/download/android"" rel=""nofollow"">Twitter for Android</a>","ojhakshay",0,FALSE,FALSE,NA,NA
"HUNGRY?
Eat Endless, Save Endless
#zomato brings you amazing offers.
click here to know more :D… https://t.co/EiNLa8QhRS",FALSE,0,NA,2019-09-03 05:49:41,TRUE,NA,"1168762969104076800",NA,"<a href=""https://mobile.twitter.com"" rel=""nofollow"">Twitter Web App</a>","Zoutons",0,FALSE,FALSE,NA,NA
"Look at these signals in the so called #EconomyCrisis 
-smartphones sales growing
-restaurants, street food joints… https://t.co/lepeO6CFnf",FALSE,0,"HKarandikar",2019-09-03 05:40:55,TRUE,"1168760759200800768","1168760764389187584","18267985","<a href=""https://mobile.twitter.com"" rel=""nofollow"">Twitter Web App</a>","HKarandikar",0,FALSE,FALSE,NA,NA
"RT @AlvaShivaprasad: #zomato zomato customer care numbervvv 6291608686vvv6289724122vvv6289888782vvv  24 hours  aur problem solve https://t.…",FALSE,0,NA,2019-09-03 04:47:40,FALSE,NA,"1168747365265620992",NA,"<a href=""https://mobile.twitter.com"" rel=""nofollow"">Twitter Web App</a>","hvhchdhf",5,TRUE,FALSE,NA,NA
"RT @nillkool9: After this..#Zomato should also do something for Male fraternity. 

*Female delivery staff* <U+0001F609><U+0001F602> https://t.co/5RSxxgI6ia",FALSE,0,NA,2019-09-03 04:35:17,FALSE,NA,"1168744246326677504",NA,"<a href=""http://twitter.com/download/android"" rel=""nofollow"">Twitter for Android</a>","ani_royal007",20,TRUE,FALSE,NA,NA
"RT @Meetujain14: #zomatoI finally file that horrid Income Tax returns.And get a message instantly from #Zomato: 'Filing IT returns is a TDS…",FALSE,0,NA,2019-09-03 04:26:53,FALSE,NA,"1168742135706742785",NA,"<a href=""https://mobile.twitter.com"" rel=""nofollow"">Twitter Web App</a>","Meetujain14",1,TRUE,FALSE,NA,NA
"#zomatoI finally file that horrid Income Tax returns.And get a message instantly from #Zomato: 'Filing IT returns i… https://t.co/WUAzWGSSyM",FALSE,1,NA,2019-09-03 04:24:37,TRUE,NA,"1168741565289730048",NA,"<a href=""https://mobile.twitter.com"" rel=""nofollow"">Twitter Web App</a>","Meetujain14",1,FALSE,FALSE,NA,NA
"RT @meetujain: I finally file that horrid Income Tax returns.And get a message instantly from #Zomato: 'Filing IT returns is a TDS task. No…",FALSE,0,NA,2019-09-03 04:23:41,FALSE,NA,"1168741326399008768",NA,"<a href=""https://mobile.twitter.com"" rel=""nofollow"">Twitter Web App</a>","Meetujain14",76,TRUE,FALSE,NA,NA
"RT @KhatariAtul: #Zomato customer care helpline number 8777291439/7679671399 all order inquiry money refound problam contact me sir https:/…",FALSE,0,NA,2019-09-03 04:23:03,FALSE,NA,"1168741170970710016",NA,"<a href=""https://mobile.twitter.com"" rel=""nofollow"">Twitter Web App</a>","Meetujain14",3,TRUE,FALSE,NA,NA
"RT @KhatariAtul: #Zomato  #Zomato customer care helpline number 8777291439/7679671399 all order inquiry money refound problam contact me si…",FALSE,0,NA,2019-09-03 04:22:20,FALSE,NA,"1168740990196207616",NA,"<a href=""https://mobile.twitter.com"" rel=""nofollow"">Twitter Web App</a>","Meetujain14",4,TRUE,FALSE,NA,NA
"RT @nillkool9: After this..#Zomato should also do something for Male fraternity. 

*Female delivery staff* <U+0001F609><U+0001F602> https://t.co/5RSxxgI6ia",FALSE,0,NA,2019-09-03 04:18:22,FALSE,NA,"1168739989846470656",NA,"<a href=""http://twitter.com/download/android"" rel=""nofollow"">Twitter for Android</a>","Shri_7474",20,TRUE,FALSE,NA,NA
"RT @nillkool9: After this..#Zomato should also do something for Male fraternity. 

*Female delivery staff* <U+0001F609><U+0001F602> https://t.co/5RSxxgI6ia",FALSE,0,NA,2019-09-03 03:46:45,FALSE,NA,"1168732034401001475",NA,"<a href=""http://twitter.com/download/android"" rel=""nofollow"">Twitter for Android</a>","AvaSHmytH",20,TRUE,FALSE,NA,NA
"RT @Rahul_arora29: #zomato #poorservice #cheat people
You guys cheated on me by sending an order after 1 hour 30 mins .
How can u do this .",FALSE,0,NA,2019-09-03 02:08:44,FALSE,NA,"1168707368860839937",NA,"<a href=""http://twitter.com/download/android"" rel=""nofollow"">Twitter for Android</a>","Rahul_arora29",1,TRUE,FALSE,NA,NA
"@being_kasish @zomatocare @ZomatoIN @swiggy_in I actually laughed when they called and mentioned that restaurant re… https://t.co/O3Gz2JO3QF",FALSE,1,"being_kasish",2019-09-03 02:01:22,TRUE,"1168604722795696128","1168705513606877184","1122662462325608448","<a href=""http://twitter.com/download/iphone"" rel=""nofollow"">Twitter for iPhone</a>","TheNehanium",0,FALSE,FALSE,NA,NA
"Best taste is dori matah brolunch, 
shigeru &amp; ming fa not bad, 
3 anak bawang so so 
#zomatoid
#pergikuliner… https://t.co/NE7n4YBl98",FALSE,0,NA,2019-09-03 00:25:51,TRUE,NA,"1168681475224547329",NA,"<a href=""http://instagram.com"" rel=""nofollow"">Instagram</a>","hannybhunny",0,FALSE,FALSE,NA,NA
"RT @Nihar56823132: #zomato such fraud and fake company I hv ever seen in my life @ZomatoIN @deepigoyal I have received splileg items &amp; food…",FALSE,0,NA,2019-09-02 22:51:24,FALSE,NA,"1168657705357074433",NA,"<a href=""http://twitter.com/download/android"" rel=""nofollow"">Twitter for Android</a>","Nihar56823132",1,TRUE,FALSE,NA,NA
"#zomato such fraud and fake company I hv ever seen in my life @ZomatoIN @deepigoyal I have received splileg items &amp;… https://t.co/hhWqpAbJIn",FALSE,1,NA,2019-09-02 22:51:00,TRUE,NA,"1168657604798607362",NA,"<a href=""http://twitter.com/download/android"" rel=""nofollow"">Twitter for Android</a>","Nihar56823132",1,FALSE,FALSE,NA,NA
"RT @AashishPanday6: Ordered #SpinachParatha thru #OyoKitchen via #Zomato and they delivered #RottenSpinachFungiParatha
They don't #deliverf…",FALSE,0,NA,2019-09-02 22:14:34,FALSE,NA,"1168648436406607872",NA,"<a href=""http://twitter.com/download/android"" rel=""nofollow"">Twitter for Android</a>","dontgettserious",3,TRUE,FALSE,NA,NA
"RT @Nihar56823132: After one order has been canceled by #zomato guys that was a technical issues, now they are so much pathetic and fraud t…",FALSE,0,NA,2019-09-02 22:08:28,FALSE,NA,"1168646900762832898",NA,"<a href=""http://twitter.com/download/android"" rel=""nofollow"">Twitter for Android</a>","Nihar56823132",1,TRUE,FALSE,NA,NA
"RT @Nihar56823132: #zomato such fraud and fake company I hv ever seen in my life @ZomatoIN @deepigoyal I have received splileg items &amp; food…",FALSE,0,NA,2019-09-02 22:08:23,FALSE,NA,"1168646882727317504",NA,"<a href=""http://twitter.com/download/android"" rel=""nofollow"">Twitter for Android</a>","Nihar56823132",1,TRUE,FALSE,NA,NA
"#zomato such fraud and fake company I hv ever seen in my life @ZomatoIN @deepigoyal I have received splileg items &amp;… https://t.co/q007r5yb0L",FALSE,1,NA,2019-09-02 22:08:17,TRUE,NA,"1168646854688460800",NA,"<a href=""http://twitter.com/download/android"" rel=""nofollow"">Twitter for Android</a>","Nihar56823132",1,FALSE,FALSE,NA,NA
"After one order has been canceled by #zomato guys that was a technical issues, now they are so much pathetic and fr… https://t.co/kNufO3aHUB",FALSE,1,NA,2019-09-02 22:07:47,TRUE,NA,"1168646732076335104",NA,"<a href=""http://twitter.com/download/android"" rel=""nofollow"">Twitter for Android</a>","Nihar56823132",1,FALSE,FALSE,NA,NA
"RT @DogMom07: Terrorism has no religion. Terrorism is religion - Zomato Pakistan

#ZomatoExposed 
#Zomato 
#PakistanTerrorState",FALSE,0,NA,2019-09-02 21:55:18,FALSE,NA,"1168643587786952706",NA,"<a href=""http://twitter.com/download/android"" rel=""nofollow"">Twitter for Android</a>","kehne_wala",1,TRUE,FALSE,NA,NA
"RT @wasim1656: #Zomato #ZomatoExposed #zomatoindia Food value is 100 and than after apply 50 coupon it become 110 hahhah, Guys Zomato makin…",FALSE,0,NA,2019-09-02 21:50:15,FALSE,NA,"1168642318972248064",NA,"<a href=""http://twitter.com/download/android"" rel=""nofollow"">Twitter for Android</a>","Armaan06738634",17,TRUE,FALSE,NA,NA
